{
  "project_info": {
    "project_number": "569615557410",
    "project_id": "codefather-ac293",
    "storage_bucket": "codefather-ac293.firebasestorage.app"
  },
  "client": [
    {
      "client_info": {
        "mobilesdk_app_id": "1:569615557410:android:b417f7cb19f971fc90bb7b",
        "android_client_info": {
          "package_name": "com.example.flutter_application_1"
        }
      },
      "oauth_client": [],
      "api_key": [
        {
          "current_key": "AIzaSyD_tNF7LXDtbGlRz7ZDL0KtkRb6i3k-8Cg"
        }
      ],
      "services": {
        "appinvite_service": {
          "other_platform_oauth_client": []
        }
      }
    }
  ],
  "configuration_version": "1"
}